{
    "1": {
        "diameter": 192.59006469991786,
        "min_x": -51.04560089111328,
        "min_y": -128.5,
        "min_z": -50.99559783935547,
        "size_x": 101.51840209960938,
        "size_y": 128.411829598248,
        "size_z": 101.46599960327148,
        "name": "coffeeCup",
        "model_info": {
            "xmin": -51.04560089111328,
            "xmax": 50.472801208496094,
            "ymin": -128.5,
            "ymax": -0.08800799399614334,
            "zmin": -50.99559783935547,
            "zmax": 50.470401763916016,
            "size": [
                101.51840209960938,
                128.41199200600386,
                101.46599960327148
            ],
            "vertices": 29817,
            "faces": 59552
        },
        "model_info_simp": {
            "xmin": -51.04560089111328,
            "xmax": 50.472801208496094,
            "ymin": -128.5,
            "ymax": -0.08817040175199509,
            "zmin": -50.99559783935547,
            "zmax": 50.470401763916016,
            "size": [
                101.51840209960938,
                128.411829598248,
                101.46599960327148
            ],
            "vertices": 22373,
            "faces": 44664
        }
    }
}