,epoch,train_loss,val_loss
0,1,170.49426746368408,0.0
1,2,140.63129138946533,0.0
2,3,133.1396713256836,0.0
3,4,127.26193523406982,0.0
4,5,123.46497440338135,0.0
5,6,121.40400695800781,0.0
6,7,118.28912162780762,0.0
7,8,116.45155906677246,0.0
8,9,114.10122203826904,0.0
9,10,110.0174732208252,32.867286682128906
10,11,106.48579740524292,0.0
